archetype #,Feature Name,P value (Hypergeom.),Significant after Benjamini-Hochberg correction?,P maximal
4,10 08 2020: N,0.0012582,1,0.80655
5,NEW 10 2020: Y,1.8483e-05,1,0.94052
5,10 08 2020: Y,1.8483e-05,1,0.94052
5,subtype: Y,0.00019889,1,0.85513
5,source: CCLE,0.00025953,1,0.93854
6,subtype: N,0.0026409,1,0.68552
6,NEW 10 2020: N,0.0029966,1,0.68382
